,0
0,25EA9DE31317D30EADC3FDC4F0DF9B7D4E8F5D62
1,401A0E69996285F9ACE0CD1A5AB73D25960F5959
2,B1BEB7E400969A2E068B01C310197D27B158CDA0
3,B04909F02863F1634273597975A50F594F79E03E
4,A8A715FB2E84E0BD343EA1231BBC1A6DB422A502
5,FA418FE11ECE37589D2D814967A4E227CEA14964
6,C572D47D0CFE10A639A7136B1A7FD551F42855E7
7,8F07FF32E0A571C9D6CFA40B8E282CE5B43E344A
8,78E7CB978894B4290F906BF7F8061CB2602E23A1
9,939B0578E90C81F5E61605EC792DA1317F0C1C33
10,51306323120126D81D0E88A1A6A69BABC1708F9D
11,7B1F1640613D41313E4948D99D16AF4F41F363ED
12,8F82A09E76FA206950FDA0486D56203A32FC5D1E
13,2D996D0EEA3042F6308DB8FF5D74F0146F020E7F
14,849E07DEB1A40B4EB4E2FD724C04E4BC3E224985
15,1665289A403A75F960B103350DDD618904C922FF
16,DE45E1173186F176D75DD6C03F38C950A2FB1D18
17,A7321653D3F948EA7344C37DD0A864CC454B7C9E
18,3295B45338C6EFE6AD090751A3613E8544BA22AD
19,8D3DCAFAC77C779023F46A908086991DBC04EAE0
20,490A46483FC360E7731E6632C2399123CB5729A3
21,12A00C9E8A76C5497CC16E3F946B7996A6B20895
22,532C0528BA4B3DF4D3CC0DB4377D1C1374A7B19C
23,823F414AA910D7417970A91A4840656D09B1ADE1
24,A98CFF83E01EC073F73E3277235087517CEF2A54
25,32AE3608220EACB4D1AD63A1555F2FE6A79344C2
26,845630E6F775BAFB3FCBDC0962026B9A0D1C2D5C
27,DD1A0218DB056D7E4DC924831F499332FCC22900
28,55EC987930D17F90A8AD4674A82701F970EA8860
29,3144A6F4A662FBC29D56E4D97DEFBBF45DF44135
30,81408BFC548373B473E0447E2296490185A952FB
31,0E7CEB07481B4F9A4E7F7EF2B8362A8845173DD0
32,5AB691FB1F699FAB9B4D4A8BFC68B7EB6F785A19
33,965D7C5E1416B9ECA4365B1F2CE3A24910B3D378
34,D7BE041A6DB6B980ACFD23F1309BEC7D997E624E
35,4B993E81590C12818264BB7EC003BCE3D0BD4D1C
36,5CB5AB4A6E4AFA590D25BADDD8E7AAD32484C86C
37,0E41739B0646053722751D8B2B8EFF2574841828
38,D6B980567DFF5680BE9003CB8B67470FC065F2BD
39,3157B85F05513AB7F749147371B26034B8B4C205
40,6ED62A7DBC8FDDC40F93BF5A8AF909BF58FB5AAE
41,B45ACB646A391CCA9B52A3AAB04F6176664A24A4
42,85D3C8B03E762764ACF8DEDF273A1D486F936BA0
43,5F4A81278012F375BCAF5EB5BBD0BCC2D74C7501
44,4C9E3D5C0A07F4C6B09D6D3F047E05E4D4C07E2F
45,4847F051833EF23C92599CA68230597ECF50CA22
46,02208C1312C365D56C5A840C988E79C42F87E080
47,B49E095EB0E52CDD2F6F17A6F71A2D47293D1C31
48,800EB6590F5288AE4A640D7B85FC955D6C4979F2
49,7383FD0BECB7D8603424869A05002CB47C8E2682
50,F777E0457A5835F1B953289B067602F59783D777
51,4587518419ADBA0D85FA7110AC22C23B63AAD5DF
52,4D7B8EDAAB43E467C396F6663D572D40180D3717
53,D17AC2379AE5E7050C8298623B6767CC513E83B8
54,D4DFD60964313EF333997C03AEBA402916D910FF
55,CE3F6E196D65F8F27B2291EE31A1FA0F207FAC27
56,355484F7A4E73020BAF3EB657F442DFC67A93BC8
57,F0EA55F0F724CC711C7B3362AD274A01EEE1363B
58,76AFD0C9A653C86A62CC24E439E91D3D2BF976C6
59,23E3B8B5C80384F2DC6AD5175EE2CD95098103F8
60,F404861C1151A521E4118230CF804DB000A12602
61,9AE4ED029830F4596CEDAE99809DF1E2D8E5DDF1
62,408F28E2868C616F500409635086C6CAB64BE6AB
63,1105B13D2F1BD7C455D054D416D44EAEE483BC93
64,1B0D85D46DE08C3FB0DC91F28CAF6D094D993B97
65,7333A93F915949ABEC24FBC74FEC8CD2BB660C0B
66,095A8CD377EF8C93B8FBC4ADD91BEC541C86C1D2
67,D0EA2A2E77A4034C3CB2158627D7221427AC7814
68,9548738DF347E186AFFB349A3D829C500309A9F1
69,04CE1094997D5CC51249643A393FF702D06439FC
70,FC5F1F3023E512D4ED9C8976D625A055962C5D73
71,CA0140A43FD0C420B9DD42AA0291073BF6323B9A
72,30E56E1985B82F37B5E395C17A8499FB0DD295EF
73,442AD6D171922C34ED54A24770C9456E2BC7CC1E
74,ED4B860DAE0CA7B63BFC0851E41752C219E2D25E
75,3EB80A1758E16D5B13EEC94B844DF6E8E539A3DA
76,0B3E7BF71744663C5C29C25C427E7F72EC0A10BB
77,CE22A50817ABD4AEF3CB1B53AE40A8FF6BA28AB4
78,5C248FF8EE4170768D425A54071B7E34F582F9AA
79,0EBBF1E1DC67BF2DEE7A8A040C5BE9B2F458B3D7
80,C26C894009FEF13003B0E89A81D5126E15AA84BB
81,C99FC1EB83D9CAE7318BF085A3F3B8CE83AA1538
82,04E074F5C2564E187E1EC10AB49CB3C2D26353AB
83,89754BBDF29A13EE75EE2C6D1EC1E8C979B85890
84,93908E1D3B68509A775E449D755F6E7615FDD6E8
85,385614038A02885E50D5835A87DEBB927790CCBD
86,D00F66C462F43FE4079C2CC55D7CDD93EFD2ECBC
87,81F7A76DFA9395E345C58C6AEE04726AB51E8618
88,9B813C46B394FD9A3BE07CFED2B803A9CA4B12E5
89,956E41DB6EE8A31E92DD2F3E86C8F38F5CBFA089
90,03B1D4454DD20D436C97E444E3ABA92419A6871F
91,3AFC776F4FF08ADDB24364610658C7AC69F06788
92,52A44203D888DC20110027B92CC34F5E8BD0E9AB
93,920591304F3A51D3312A1030EFA7869F575C5A61
94,DE0049F2163279B6797EDEB287C0A484B5EA5CE4
95,EA737628D3A960F628B029A6FEB11DB60377E476
96,DC36CDA9C823A8108D4298723F0C41D3D2FDF19B
97,724E6E642370E31D519693CB33F994A875088348
98,5A81DFCB8F55AA60CE3939CB26342D0C82B5CF8A
99,8FD0A042D72F81C7C78634B4EFDF1CE5DF05CA8B
100,0D5ED86C5BA48A3FBED42B5DF3951F144BC18959
101,C2278FF5E21D64F6EE18E97902F565B3A2DA8EAB
102,F9F64EDF3DEBA3523CA5F4C08CCDC8B4422231E7
103,FAEFD2B9E9184FF22B27FFE3E72BB94FA63F148A
104,EBAC47B27B6A1942E7088D678B98A125994367FC
105,BF302227CBC551DB625DA650DC6AA4CC5C5FB3F5
106,5490A17D53CD71371475BDC08F9CFF20FBB8D5CC
107,DE630EFD7B20077140C5DFC94356B6C050433633
108,C93F7DA3114B46715F117895DAC4C104C508E3CC
109,0838F38128D6705AFC279DC5A7B6D030D2AB0E75
110,97197631FC7844EAB0F5DE25112218FA63375173
111,F64539297CBE34787636CC432B91D059BEE9AF2C
112,B73AE2B40A63FFBDCDE58183881DCEE77588D89B
113,E72E444D4F707D3E7495F0FA554CF8829E206C46
114,3049541F76A2E1A414A3AAA67AFC99D070C43E1C
115,78035AA375C534FE17D41A315CD59567A90C5992
116,6974A65DEA800F3EEB987DD491F7392347754F5C
117,DC5F086F0A81B7987A0C3B0180A9C3F11994DF4E
118,8931408D8C5CF85165239A46D93816D6F2ECD0D1
119,07BDCFAA160D19A8A7857E739664F162E7D53DF3
120,FC1AD61C0268201403851927E3D46BB7E925A5E0
121,41CAE56FB6A6E700720C07F0BE26DE7A200C1887
122,024B08D4C28EDBC75726AFE9392663A6730A66D8
123,D2829364B5E5C26D53B3079E3E51D7A18FB3C03C
124,76A212CB8446C76CD00C7D3FB217B8A3FEF1830C
125,A0BDE1190E766A09873FDC2F1D406DCB7D35EC9B
126,F91C871E30BEEF6B35EF627EEB3C38AF08A34161
127,D6277ABAE5992A416D18146B3C888A0152F776CB
128,A868CA0C1029DB0E1C2C4E331780B934AC0FBDC3
129,46987D72DBD45709572612BB72BCAB4CA52DC695
130,FCB1415488B2A9D1BAF7F9569F7AFA270B92FACB
131,6B802DBFCE2B8C2CAC562AE3B7FCFE6BA43C2131
132,C52D27F68071F3C3D0AE59295671CD4D73A2E7C6
133,C999763D53B97BCDA183FB8059567001546D49E0
134,D0B9056D05E851C3724306C020F686A383ACC505
135,BC309E2A05EA97AEF1D9FA6EAF55F4F2FD104198
136,F428D0B712A2AE91C6171ABDFDDAC66C9D0B9859
137,D330A154C3168CA3281FA2EFC954DA8AF5755EDA
138,9DF70C37C5F909EBD03F159CFD4E72450F5FF7AC
139,F2AF25D0A6933E053DCAB4003F6B85E5A906440E
140,C9CBCA09123AB4659A55391F8E1BDB443DDD4C42
141,1A0F8C50FBEFE6B8DE3AD47BDADC0A838ABAC957
142,E6E5207357437DFDCA56FDB1755E13406C1E0616
143,0DC64D97700639752B7416A04BA6AAE7EACB5F1B
144,F5DADD90C95D9DB465EA25B8AC4602636FA08EA0
145,3A516C69FF0EC558A1FB5EC49BE7ABF82646A343
146,D8A66EA1D3945AA898AC9F8AE81594C8A4BE206D
147,D3FEFDCA98BE835BE308C496FEB14489BE030E79
148,8996A71201371F88737DDBDA9B87A68E3607A768
149,BFEEAE8B1F004806ED330360FFF7A083391CB178
150,95D753E49559DBA38AFA4FCE2ADDDB90DE8000A6
151,4B4191D958DB11C7D35C78353A49B0A237383266
152,93C4C8EF5ED606BC28823674848D9C9AC09633D6
153,7CEE6E2A50BC2A86A9BEA54AC028D4DAB04D7760
154,833F7B4C51A67A3BA59DE6EBE1B7C02778A33050
155,943AC060DA386F111B759742429A7D86AFD38D18
156,ACEA4427FD439B34B9ACA51F98DAC63319FC59E1
157,DBF584A98F51021EF0912E43BAC999DF3735588E
158,D88F8D1B85F0A2DB4C533B73775D3CFA4E651083
159,96E455E11F76BE26932E59983D4CCECC71614633
160,7245087461AB97A21CE27B79D224177E3DA970F5
161,F7842CCCA9E37708DBB0B5588ACC42DD0F98442E
162,FFDA9576A10554C74CB0111C14A1522061EF7F27
163,B5B9707AF6953A624FE11CD1C1DDC366E03A8DB4
164,BF3C62F49321A8EEAFD58ED1FEF262C072FEA848
165,92A27CBC644960A8F6084C1E955E055B2CAD7D13
166,47D6D75FB72F8BDBE4C735BE9DF9F9C96F7B82EC
167,DFEF1444234A107A5194584CBF677FBA77EE7B6F
168,D785C62A2BCDD276925B33FBA1CE1410235CC9B0
169,F11BB669DC979DB87747284B9BEA5ED17911CE7B
170,6507DA1A53481785A5DAA1F65BC428398FAB1CFF
171,F58D847E77E9A59AD623CDF683018486A70ECEFD
172,7C51AF0124506B533482DD2139CBB9773B3602FB
173,C08371E282F9738D562112CA827CED30C316821C
174,79A97DB86A45AC516A5747C84BB478B88C59FD31
175,00EE087C6E790885C9036E261B7D06097D96C79A
176,58BDE343FA0DA9101C45DC32E9416E996AAD6C10
177,D2A2E94FE02EBE962C414E1254F2CC3278C104DF
178,A84C5046C489878E32448A2E49C92C53FE70EFE3
179,60630B79D9DE1B5F5152E00252EDB5D3B6939F80
180,805DED9BA17D40D402CADB7CA76093085C19FCB9
181,8B2A77A62EF022B8A55D583276F91A712EB525D1
182,BD42600CACC106EEE040C13252850660C272CE7A
183,AA2E0B3759723B6597FE81027096B1A5BC2AA075
184,A63BCE258A662A41012127A19820333138FFFD6E
185,933DE17DF0EFB10D345CA0F27B445CDA32916CCB
186,71FD813C5072EF843BF3F79F55D71EAAB2BABA77
187,D379873A8C88AAF2C82AD9DA9178D7577C3EB12F
188,CF8B04F50E8FC0BE7F67A6E60CAE88CCFD99E66C
189,1DB5B4FC585060E1DC6D54CBFB9EE021F03A48B0
190,C8A9DF1CDD0BC2DB1D213B70B52835EABDEC60FD
191,BD9F2873805F994BD0081FADD3524F722610090B
192,974BD4C2B2A4F669EE330C06631BE43F79472953
193,BF2D0ED6302374D5F98543BDB8AFB34DEFB86B81
194,1FCF61AE847E2AC541DAA80042804C43E8A3B715
195,AE1FA0DB79FDF496295FBE5852E35F5127BC32BE
196,3EA9BFDD5AC28CA41512A3A3903FE6EE0C8171AB
197,65FCB7DD8BC6ED051E589CFB4729B3E59D3206DC
198,3330E6CE8D17DE1488D145DA819710704CAD45DE
199,18A4AB51CDF4B58CDB58EA0CBC6A0CE5A7819C32
200,9E06736C68EC149BC7770CCC88DCEE20BDE51CAD
201,DE834B91E454B583A2B730783D5A1C960AE12753
202,242CBF3F83543AD1091120195538045C7FF56324
203,2392D227CF6CF4E37D44C87A9300E2A4B27244C5
204,5E45FBD4EE5063173FBA6172356AD3E30500C615
205,D0B61EDB55C7F7F784273D7D9BFDD8E9D7AAD4EE
206,DD4E65ACB6CFAF111B03740FCB4A2F3084F15830
207,9DDA60FD1844618F8B1AE50B9801116D2806937F
208,441772985B3B7929C810D859C361B7A25B5BD11B
209,7A45DF2CA7BCD88823DBECEA65D0325ABB48617B
210,B335F24D76EFA10992B1226E188F330190ADD820
211,2E306AD1F329CB52ACD4B5380F123B2C22C80F88
212,36D11A574A40391E32CEA52B69DA9F490A7AAE20
213,6872EA568C92A6BD96172783B0E4D8FD103F33DD
214,C524A0F9197FA5823EDB4BF94B65F712BD737B51
215,472AFFDA20CB2A8B9DC2D0BCB652B04B5A99F879
216,74C61DDAEE7DE16D290249270A98A68CABDA9FD6
217,220C9A1D6B4D6BB5742A6E10930A0D843989947F
218,9EA61C907FD71A620A0331EAC7EFC61986140BD3
219,2CF9C7EC3B47B09255D63FF475FE9537FC643AE1
220,D0B2564A8C4EDE2580C32234757997E04494198A
221,FF1EF2C77D07CB5E973FB35A03AC3ACF34FA3225
222,0A801A33C948773A4CF73001B9B1A8B51B1C46D9
223,5E9AFBDDCDC092F0A46EE0EAA801BEADBEC2F5D9
224,4B01238A4A9CF1CC0F5D55B2950318BE855B55BA
225,38B755ADEFC63998BB35C6225D10CE9D2F6A478B
226,B26B967E3291B9A1D8C2788375EC13EAE37C2172
227,6EC8BD58E7F9DE15A594610C14F49095EC3C03F8
228,3A37D3C84078F02E6A1A382B358A1F927530B13E
229,8A158EE9858C7F2652E66200A3E8EF375F56824F
230,2BD91725681744C97DEFA8A23EA9F5213F7882DC
231,A1C28210745CD0E4506DDF0C5A09F54B3A448954
232,3BC4E98E74C2E79A5E2CC6AF29429114385A61CB
233,6A6EBC0EC94DCAA0B6229C7871D5E2C4A5BA06A2
234,197DA5FED03870EBF107D08FB75EA992B0540807
235,AA258329682E4C4E2ADE37F218E17876B24EF9F9
236,2834E92892FB6B8FB25A10C0002EA19F38C0AF78
237,BD6D79D8023062D760FCA4A73F7B4BACFAA47F52
238,981BD40A21B2EB40268CD2DC90B700A7465B00C9
239,D87C919EFBEB165C2BC1999755E4051DC488BF55
240,9689D887CBF37996EF85F3CD81EF98802F26F83D
241,9DA30A6074CB90C015061A0811612BC595F77C09
242,09AD1918BDB543543543069E2E58DD134EB409D3
243,7A92D3178E45FF585D9CD8F454F85BC9B1A0252C
244,5E6FBF531F6CA34D23ADEE38985E8F47DB6BCF8C
245,AB355E30BE3A3130198EF99DA9643E7D514D8A16
246,9B86C01DE371A299081AA0E272EDD3F02EF67AF0
247,85512BEA8209E505D5E6B358CFA046972C05CA28
248,18B0C3FC2198CC3518777CC0D0145FAD78FDBFF9
249,DBC54E6FAFE13A56183B63691D21BCAF14055DC1
250,4DCC102C726E66FF4DACD1C3250B4279F195E93E
251,052EF15097A25CD982C6CF7AD61EB86EC957829E
252,2BC2445A152D32FFE8307602434CD233A3749524
253,8AA762F71C0DD0EC762E2F92C6728EDA0A594521
254,B3B6C70D81003698604967FBAA55FA1CF4F789E0
255,7370EB37D2F9A27196D4D508C0C2B1AE4C9246F0
256,40839CBC34EA2C2CBA7D2A14093B1C5ACD85E0A2
257,D772370FEF6C5F65EDBB125443F466D0C65F57B6
258,3F968747862A4DF27328EB74D3B5E36AC389D015
259,E5EFA04E1064613FBEA2892BEE18A50E4D5F0C55
260,3B0E2B77571A7BCAFBB507647A850D59BB8ABB12
261,8290B2B2C82F79734FBF26A49E1057F78079B9F2
262,3FD583C9B33BE67D51100742626F4EC0CBBA6D7E
263,8B3BA04A78D44401018F22AB386CD206324EAAA3
264,777732A29ADB8592FA441675842B94F991F5737D
265,45CC809DD5AFAC492A29D72953EF3D8FCF69BF60
266,A8B522DEA5A757D1193AD432FA1FC06A6D4FDD04
267,87009432A1B6C16C809FCED62789A9B7C3675F49
268,9707DFA0EDD8B5E6A345856C1ECAE0E0C77985DF
269,36FADEAD878FD5C2C42E3AF8EAE9F9F24CBBB191
270,437290F9C96AD57415A6E0942E3618B443B380EA
271,614016EF53AEEEF979350313DAB81EBA1678591A
272,C79BCFDA521075B6A148A7FCB0E2A50881B2E209
273,15544B63C65AB0A81271A25AE2094CE810E3FBE2
274,44847234854C574138E925EDF687ACAAA15A9677
275,A7FF29CCE1DC604FAD08AF488A13D46B65C3C76F
276,9E3E031EADE10371EDBF030749F856504F37DA4B
277,87CF5D48CD7FA7CF05DD12EAFF340213276388C9
278,C049E39CC758D2752D1E40A634413ABFA47EE151
279,51C45AD9784DAFDF396C71FF8E3F995ED64396F3
280,E65F7F6EEC3B1F4A342DAC725978CC1C8FE7935B
281,893BAAE96352919322603802C2184837D57AC634
282,7CC376E25AE5CB17BFB81860461EE258F0F82510
283,AD6D9BC4387BDDDECF1F994B468F0BCB9A487CB1
284,7DB587BCB87C9946B3F0EECDB63BE147ABEFDD1B
285,6E420A348059DCB324E89C9517847133C43E5445
286,7997FA940C83E97CE88A2DC535406A5593C97284
287,F10AC02D4B9AEAEEADB32F36A42BA2E08DD3BEF5
288,B8983D282946AB6E9E29FDE3BC29560EE02B0EFC
289,C5D0A9E28209295080BC7DDBB8584DF2D5E1D0B3
290,9D7C6B0F43A5D8A22D1E31EB0014225B31CBD06F
291,094A378BCDB67D20ECA8EEBD3D1E7D79D0E6F476
292,900CF4F8853E03B1D6055C9FF5BEC69F9A4BAA94
293,A70471E8FCAAE00C936D6EBD87CCF64E61BA0048
294,C041EA975D56CE3C638CF6C00EE5A97B0BFD01D0
295,701C4DB1C55DAF8E7772B024703598EF7EA2ECEB
296,28755FD70A6FBD94883F22863235D20FAEFF4A9A
297,358DD98B4AEE70720F2B886DA096A7FE00C6A546
298,1FDEE3C1D16A5760D9D4CF3CE8F0BCAEE43CECF0
299,B3EB22AC2D7E7E06C8CA479D2C7E2067CC011BE3
300,413E8811B375F3E706FCE29E8551574F3BEDB2F8
301,8BC2C7111CF93A938F0BF01341B930A5A5741485
302,8CF7866DD8AABD8B351265CF0CCB040B39ED9CBC
303,245F14343CE3BE921D9880879D8DBD2C50875298
304,65E1A4D80E371DFDE5633A78A8BEE13C7D704A3E
305,6D933386038B580C3D2F367FC609FFF9FDDAFCE8
306,ACE8B1F570B2662062609A7B762BB0C32FBF09C1
307,78817F11A8DB609CFB0DE56150F8F260B3691970
308,28731A4A51F32C42317C94FCF668B009BF28621E
309,3A4254C579F0CA82473BD09267C9E37F004D52A5
310,622377CB5A20F532ED0C9DD92A992F3FF8B8FF26
311,007FC7DF8CA4DC7818120751B7D0DA3ADE156B30
312,4687C009F95C16AE8A641831C1957159F90C4708
313,32250E9FA8797E04CA5CFC7CAB7D8B933C365B42
314,E4C6B6D39C50937309046DB469B4586766CE8A0E
315,5CE84E011BC780EE8AEB8182E8AC039D413C9096
316,CE91E1805147E1BE3E65F3CFF5EC7FB423EB493D
317,12E76071BBD1ADE8378C79FA7DF080EE64641381
318,7F360F20E2A0003BA2FB4BACD02C88922F992721
319,AAC06889C4C133971128F6DEE02D844A95D78B18
320,970092429DB8447738D44720F8C45A4CD7BE3B26
321,5D0B33DA5F4338E7F44E7FD64CBC5F8EC76F8EFD
322,170D2B1BD3A7229005E599EAF27FEA845BED471C
323,20ACF49BB419FAF776E8F9682DD0A97825597821
324,00117E9F6F91F8236A30EC0F58F52DE2D03BA980
325,9024DEC7727D71D7FCE02C9E9F4ED5F2386992C3
326,3B4136962EC9440FE72F0C15095F696FE31E6BA1
327,EC44F969ECDEE2FE35B231BDCBCD2E46E56B00E6
328,47EBA5E9777A2198DB47170F65A992A02A6E1DB1
329,DF9833D9B15A4315072E84EC34E7BF7004F4C84F
330,4792BCE4A83F8A14FA30E2F3D3129D57E1A62E11
331,1D9DD8A378850B91D6149EEC3FDD4FAD37A28730
332,61DE648C67C0DF0A2313A9E1B9FED7AA4F7DD6B5
333,4C15A209781AEF1035CC11167188547CA41B9A68
334,9E67999F46B842D8310F486E9B9E32471ECB43CF
335,43FF9FCE939D7C2304D8BA08E588512297F8D470
336,3A658BFAB896779EA4658C86E0FAAE0FBAF47A93
337,332AC4BC22AA222CFE649774D424218EBD6BAAA1
338,ECB7D4A445E8DD6BEB91D013541A27D9E3A6E1FB
339,1D092A615B8DB7CF34BF5A9DCB841C9EB250C4FC
340,82B5CF83A81A8DC362EBAABDC79306194C6BCB11
341,7B84D2832685A745B0A301230B55B91D24CD929D
342,AC695E408E3F40C0296F13A9F797235D84D06DF9
343,6301E7E6648DD139294DF1C204784042D00E9619
344,F294BAE109B4D852BDF3327F5202B7DD38F3B297
345,43CC12B985C3FC5FC2A30E8224A2F47A00A14602
346,7D8F3DEE28EABB169843655C27918052DCBE5E7D
347,6BF2CC180A2714097C6959922F0BBEE43A07C2CB
348,BA08A359ED4574F9D5B544186BFD5D9151C326DF
349,878BCB31EB40A0FB96CD4000F69BF97A6076C4B6
350,5993F729A480E88B6F36A6569E10CF8794852FE8
351,0371EB581CDC188594A876198AD016B4C07DD7B2
352,E12EE47FB0FFE7BD2EF14739961F58C60DC13238
353,C30CF123F21EE8C1A51112B1770855305D00FDF5
354,8D70B9CB0A127B639A13A91A9EA53EC3C168703F
355,6EA838C74E70E70B17067A7488BFEAF52861E7FE
356,A2CF19803B3026925B51231CB6E63464D1942098
357,D3140279F548A7B5D5E959EA41D2DE4BA0E1EE1C
358,D91F9F0210E638BDD7F712F3E423ADEF7FDC4654
359,AA8A73414D9A1C0383CBCFF3E3DD5942F2434DD3
360,CDD30F67BA710863EA725AEC5AC5289403C049B1
361,EB91D4A0A816F8D832FE72E4389ECF9B21BD0F8B
362,1F5D21F48918B491A9151103DC276A7E76325FE6
363,19D8A61A5F5CEA636F3CA82AFA5985CF207A720C
364,5EB82B9C2FF9D86A3D2604EE643D24BECFF572DA
365,54F8D7F05ED1F310A2DB9A54DFD93250646ABE6B
366,10615826241D9BB553991B2ADD2203B0141517AE
367,F5D527A7B9CCFCA7E5FCAD91A0D8BE18EA011282
368,EA98EF1C9210654D0CB8906471639E06A9D0F700
369,BEACA30BF332E97867414527666397C484509E8F
370,80CC1917DC6169DAB3D9B79A809DACA2E64228CA
371,EC9A29149E233DD1E5550625B8CD43A64593FF64
372,A053ED8584421670F8EA7BA0431B25F734BDFFA8
373,6EFF27B85FB4AED37B861A53C06A7CBF351A4BC7
374,A79207C1A5FCC129117FB313D15BD80B82E3D9FE
375,DC181F6C3A6DA0553D4C780556CCF90762EE072F
376,DB174FA5A505D98FEB8D265069CC58F204C9214E
377,74356C0ADA400E63F3EDB20EA3244CA82669449B
378,7CF0E9879823506D4E3FE23A86C6416D61705184
379,B9604F1FF97F1F2C6D56032A8DA378CE98FA56F4
380,19509431F99B069DBE6833EFB1C5EDB6287ED296
381,388FCB8531ECBD7E5A736CAD9E41C5B9856D54FF
382,155F703497172A596313F7C38C34D54796FE2512
383,46B53DE0B3FEE6E2CC3253F5434C78A4F4E5617E
384,BF18FD28FD1F01FD5C01AF0343BBBEF4351FD931
385,C2DD7570B826595A22C17AB2D81B7915DC11A26E
386,BEBBF17D83561811F637E329D46EFA96E5105E97
387,A15630C3AD921D96578C7D93BC8B6FE9B93DBBD6
388,6C07CF66DD3B2DA32EEAC87CA4A687E72A826F82
389,82CD768A25B513113768881837E080A577A255DD
390,CAE4D73976AA3EFD52D8352312FA7AF159649B3C
391,1D779C5FC6EFCF8C4E0BFD743138DB232D8D37CA
392,8A62230F2EC2AE18135842D095FC86C64E74692F
393,E3CB2432485BD48CC7CAB5DC99BF58E9DF32EBE3
394,033C44A92390AC672252D749738448C9D79049B4
395,186AEA04759FEC0391DAA675D9488D2DC91C4C0C
396,EF69B255F4E80A1B9ED76839F07CEE774E3EAEBA
397,BBF57215D36BCD47974DEA5C45AC1736A9394992
398,00ED1038AB458F67024ADC18BA250FC37F7E340B
399,ACA1103A087EEC9D21565E21853BF609B8B52E97
400,E99EE3479AA79C68559BC27C8A1F121DA39D0656
401,6C3428B1C41CD46EE3881F97DB1CB43AF7B8F6F5
402,01ED4144C3048D892FE78BC7286D6D71849BA14C
403,D0E7FF2545291D02BB015038DDB6BB6075747105
404,616F1BF1F207F930377A4F1778684B8C6CBA1DF5
405,11B5585DD6B622EAC32CBC27E9865354229B6B97
406,2A4484FE65F6AE1AE58703A4FCCCBDF81EF7C64D
407,D413D98FE42CB3779E4F686022FB1DF85471AAE3
408,56655A8915DA7D28ABD2CA7537D1CF72CF05FAF5
409,8A52AE444C23B769612C65614848BA3CD1FD0070
410,75B859FE9F26F55EFD66FD8812E83D463E051D07
411,A71D4D8928867AF0B065254697109121966C1D83
412,D0BEAE9FB2EF2D0A4BC8C619B10BEBC807BC4A02
413,BBE6CDF4A63905A3EC74EE525CFC303388D826DA
414,DBAA688220A7A219FAE89DE6D6C2C2CD289F6A18
415,08A72C60AB3861767F4257995D2A5D0D6E3AE477
416,EDFBB0A6B45D9034D5F036AA45BC27B76473C2FC
417,8260C1D2962F55F469CB0CD5B28895FFDFEC2B98
418,BA347DD7C95812BD28C2A6024B7BF2FCDF5A3138
419,D0C30E91ED9A44FBA4838D6BB38A5C77430660E2
420,AE6B00D827CCF0CD1F89CF85208EC8CF07BD4251
421,38FB7E600CE750C8805CAD2A23BF87C6998F6DAD
422,AA133C2880875EF9AA58987ABE26C18F9931D801
423,7BC7E48062B376C867619EF14713D5C62F4B1370
424,1C424B2B227A922B742692A2B7C2D6D781892CBD
425,F6FA88B1A91FF75EA389B03E9FC3A548324A488F
426,5C70C60B6099C5F9DEA3E303CA001B866B04EE44
427,D702C90D7CE831FB26CF0A2FC3BB34767EABDBBA
428,65C28BD5AD28C756AA8E9C88202025088998D542
429,D516F22CD926AD06AFB9355B1A2098DBF4EE25C1
430,E25821138FC2683269DD53191CE501208E2C3F60
431,47E1782AD30FA629AB7E5F0B19EBB677538D88CB
432,4A47CB0A54FC8BAE63DB4A887A738307DE5EC40F
433,BF0603EE9307471DCB867C2697F9871C52DE5AF2
434,4C61E7FB2B530B4C59D7637E8776198AC6CCE9EF
435,512FAFE05EDC54CB41AA98092C089F2F68DF4194
436,D80F8B0FA2F0BD6672035201CB348FCC71758CA7
437,54B1542C74862A393B1A88772EEE2CF9A3E2F6D3
438,658BB9B1B8316ACB6335E161B45DD035828475B0
439,6008EAD604BBB28B89C69499D699BA946173F592
440,C136351CEDE0F740160991E5920ACE1DA1BF785D
441,14927668AF01BBC823999A815996C3F7D4C6C01E
442,EF4F2E5AE99071B169E0AD94B3EE094F0160D532
443,4DC07451B1E56070529653DFC7F5BAC035EE6F81
444,7976DD984B224E5ED999888D29FA4850ED70D344
445,1B6C6A7EB1DDF9FB75AC737DDAAED7DDA0D46F89
446,0D1EE141446B963FB729D72F672A97C6E6E5687E
447,7898F87D59B7C4E742D8F19789B24E954E8FFA80
448,02AB415AA97D2DB2556003C9FCAEA4B0788C6640
449,65DCEDD5F82B6B41B393D779056B4C6928DC9B96
450,B159AAD727419B4498960E325D2A37C3925E4FCD
451,161AACB46F51FF094EE9BA5B61518BBBC53C7543
452,44AEB1EC616942C5CEE312FB9C489839D1115C5F
453,8372AB61271F3215CD04565F5C13BA8D53741E53
454,637B2D27F5DC8C9790AD6B5A001C4B9D789590B1
455,E3CAD11439B79A7AAA22D93267D3D5409D1BBE2A
456,0FB3A33C31598942C4BC8FEEC03EED9F185ACA8C
457,F22FAB1E88F81288825E48169C7245E3E6B719A1
458,2FF2C67E7994302DE9BC58743699D4B9F6B9C41D
459,D24B8E7D9C60E35EB24BB73E70C9C4D9D1813849
460,E0FD04BE78BC01887A029B63B40EA6414FABF54D
461,9068117170EC76F0643AD30FD679F8820F9009C6
462,F13573645C6E7F291E17C57F6FBCC7B358EDF043
463,3320A84D14704C6E31ADE4E4BF2B4A6D41AB714B
464,F7B92C0DF90C551E6233F1389EB1A5BADBFFE642
465,85109DD15ADE3827210E73FCB1DF550B11900315
466,35C34CF5098407FD9ABF85A1D2A8709F94E9EDD7
467,625E88D97D072BC55A69F663B08130C299153AD7
468,796264FC01AF26984A39B1D760B6329C8750F5D7
469,AE400ECFC21FA3F340D6C32E69CF00FD424C54C1
470,F61692569A05BF7383E7E898A7C962CD5ED812FD
471,7BDC560927779C8D65E936F21DCEB9FB08845B73
472,15AE94EC064660738BC05C54929AA9CA676C920C
473,8DD8F1151C0F1C1732A6C8DDD79F02822EAF5C5E
474,2BA7915B1A2D174CE1B270492DE191C077545BC7
475,222AC26E6B3AC18973F2A4AB8B9571F12ED48F94
476,281A5CB7BFAD55188D33C115E403DCF4413E7003
477,C01EC990BB413ACCEA40CF3B4FD2A47EF7E394AA
478,44145122A72A5C3387EAAD7675B55D2734E34817
479,D69CBFB4706994D948CFCC10E260113107AFE217
480,0DCBEFEF212043B82ADB2142561D6D5048CC9BB8
481,19AB9474E6AFCE34DAEE07BFC7686A731F323001
482,15A67AC817245DBFD3DBCDA219B96024A7929A11
483,42F05758233B4E30FD61AB949B8531BEC58112F7
484,117972555EC82C3B0B2619F216177524F94E1059
485,35BE8A074130B8550F9AE9CF642D17002F6AA3EB
486,FA3B70A0ED7D3CD3EDDD83B3EB00A14FF09ECC88
487,5C17827ED5BA92E9B59D8B68F3B0DA69F3124DB8
488,D5A1FABDD2BEEF3F595D42FD60774F81CB622F84
489,060DF3FBA77F266B776843F475915B3CA9195B86
490,A564F7896EDCD48B42B65091DB959564CD7E22CA
491,B092DE67CB460F0C14560E1225F9B951EB006930
492,6E8429B7B50912A7E74FB33BF6E8E10C716E3D70
493,F8EB05C96A95C7B79178364D99A0AFD4EBFEE66A
494,5907FC3EE6EC61BB09892F83A93A3FAA8D30524C
495,A809A843AA32E795FCE248E12E5997AE57A97E3F
496,88578FAD9691953A6CD8263BB555DA6795C6B011
497,05FBDD48E003C96E381887616328B1EE8E7D197A
498,7E5D4A37CFF33C534C7F5820E59111F7AA274192
499,F894E27803EF7B70003A6CEFD0AE713D7A186B03
500,52769CFC1A380045B55E34ADFD3861DA579FD008
501,AF265459CA87089EF485564C9B59F03823DFAED1
502,ADFA95F85F856A63856B640C79273EB32A87B928
503,765736C45AA42DEC298CECE4EBD1B233EAD51410
504,E5988336D49ED90CB81EEEB8DF7673C7A0722B41
505,F79E95330718F57A368B87179FE5CB9CC0BFFB27
506,199CB17B322C35F0DF47B87E0EBD7E9F0E0C0206
507,C59EE0E3094ABEE2CB949FE28B28619581B15001
508,7EE13F115009A8AADB4C5816D949F4EB2EEA559A
509,8662DD46DC4CD2F0BF435C95BB23112D411A2448
510,4A0D6562FC920CA927464B8E477E5AD53FCFA397
511,FA01E8B9AAD1AB1016A0BCD7751C56ABE0099622
512,F2571B3073C07309BDD0D5E12A61E306F00D00A7
513,F2B8E36BD2DE2F95BAE8FFC8EDE2E23FDD9109A3
514,F2C45EF43AC154A46264E7B23F2F1E29A72FF5C4
515,EB4CDD8FA064AC161171B0D50F4AD86B317CCD34
516,CF4BB816E4D9CC47785A1738C4FACE95500BAE03
517,16628A82B8B9D83B4920DE2A40C93CF847D7104E
518,FEA99EF33A885C947A0035197899E070F703C2F5
519,AB492B2A38C684D4F7D9EFB395B9F1C73F011975
520,A9A581039FBE25B267FC3F0A856ED77E0931D56B
521,315E2487B19728FE68B0C730191452FE73C5C3D3
522,64F28A06685BF46270BEE81532F6EE925EA6DB34
523,C340B7064E4928C4F02D58F36E5326206CAD84A0
524,EDE5B2D09C5AAEF10781FB380EDBE71569C0411F
525,88C17BE32CEA248579BD7383B0BD67EE5598E7A3
526,AB8DBCB129ED2BC392EF7DB7B3BA526A1FECBA0F
527,5DC492801C048A76EB2E847A25C73A026A5E2078
528,0B160E385BFB1BF9AFB7B2E9EFC39E1661E58F77
529,F6953415C56EC4A37AEC5A5D0B866F24C1184B7F
530,C26881788D1BAA5DE57E223874E7C1F3C86ADAEF
531,2BBD35C2C8B84C169755AA01C103689247F16271
532,8A75C90ED849925D1289DCFA0F01E6FAE0A7F62C
533,8F037925712A0F15AC71A5F1643FDDA21D507FDD
534,850BB19AE98CEE740B01B801886F8DC304D758C9
535,33CCAC07B2DA66D9A764B4D3B01B4FB010CC96B9
536,2219DEEE853EC9EB2D5C776377EB0679C0F3B0E2
537,C2357C19C4239AB458B2908B2422C41BAA564FFB
538,BCEECF499711446804E09D27AB093FE099B6AA9D
539,9D2B9C33057A65CBCD15106F930CDB0A8656D069
540,633C7867E2236F1ACB7245EBDE065B2E8FB813CF
541,522D03E259A7A58DDC7EC757465FA19F63B57591
542,30A3B3C1947607AA41A29F50919D27B505C51157
543,6D641014B07E182CB056886905E3991096AC7508
544,789F53927B6463301AA42C95C345CA1A367AD258
545,3221998537E3FED912673FB2D0CDA6C245A6BB02
546,7E660D80484F0A6B74679B6E8C5BA241E48E880D
547,10C88B30D888EB9D05A51053FBDCEE4679ACB036
548,08CDD839D8E252D22CBF1173E06FD45C6C23367F
549,5AC0DD7AE4871EA4C49CFB8E3FDB3F704255D9D5
550,5C9CA5B203AB44E425F34E89CF9AF903B2A6A48F
551,0AB067A6A76874CB320A262C2E4C4798F9E5E5A1
552,FEA268D54B91CA0B5A31529E01080D138F8BCF40
553,6BA5F614D806D92D9F4E6E5AD7ED490664A02A21
554,422ED8E49B6A359400603BA4B474E121AB76AB00
555,6526FC27187190A0090189E3DF2F6D7CD0E4D2DC
556,6E0E8EE98CAE1E26407B73852C773CAF5A3858FB
557,8C9A2EC94BF81342F5F2B12BDB30DF039B27035F
558,CE3C4328AC26B051054DCEC9B778462FB439825B
559,B172D88A4BB07736F31AD290EF7D388A6A0CF497
560,D179D97CC8227A3365425359804E6893549A758D
561,6EA4712BB9231F0CD0A8C0ADBEF17257273D9984
562,7AF004548ADF2916DF290EB3D5ADC7E0F0FEA5EB
563,FD6B46965C71096164E7472C6892672BF7C9D566
564,EBD8979E39BD47B69035811D5342F7E546ADD129
565,964440FD707901311CC210B588F80C9826F4EE74
566,BF41413D6B46AA1792C96B3A15F76E3E5ED75F03
567,C825F1CCC42E82CE9D1FB71E23A762159B751F01
568,59E2706911149B1FE8E2D32370CFCF28BFB28902
569,E51792CE2500B6ED9BC81D9E606870EF26587227
570,BC7205AD1AF389359BF58CE9C4FFDE50306A7930
571,568ADDE46D7D0AB14EF96CABCA52DE3E80273EEF
572,B948662E5FD03A7796A594EB6696C3009C232884
573,7BAFC2C2091C0E589428C9541A4A33FCFD49886F
574,B26C6F074F60BED45CB68C4F43E32EC903CA54B8
575,A29A758F520D0EAE224DB75D93EFF12582AD36BF
576,AB05224826914AE0DB94BC81A12B54162A35483F
577,45E7969767246A6325A04FA472BDD86E815B8824
578,F9E9B8BBE947571F0CFD1BB24A0FA8ADF1EDE608
579,D8714F9D8931DCF78BD1AFACBB2D4AD502C79407
580,282648CA98F29A75B706212BFEB0D3EB53EC62A2
581,5787EB8F4EBEC700ABAA6AC2989CA9566B566A48
582,66B653097E26099D6BCDC90D51C620CD67D1965B
583,8F0EFB495E37AF7D8DB3B8F388C5A8427E153F0F
584,B088E1328690260BB4C6A5718383B5D8A5097296
585,448919B397C77E43B348FD4B34CB3392F8D4F833
586,C9CABFEDDDDF3CB9E18591CCBEBFB95EB15CE430
587,349A4317457D74D54E072390AE2B0CF8A0229E0D
588,97CAD5C47AF36F65DDE66CF698B0C3D7828C9C17
589,AD5A7911336BECE85CA6193CAAC588AACAD58AF0
590,408E05226DF2E32D34190A16AD1775B3E6945F33
591,B10E4029345BF3E21BF69BC479935B9BED05A8E3
592,521514A1489CC8CDEEAAEE8E01AC476E7CD71F6C
593,FFD04A93FE14B4347A24998C9CC4DCCF3AEEE752
594,C3CF561E45CF541328CB54981B9B5D2D63B6159F
595,2B1981EC4669E9732A6B9E234604241B9863622D
596,E18F35564BB85E6A5A16815D5A9EE8D652FE8A69
597,96B35DC063BB303C9647E3CD5E1C269AAD43DC7B
598,459109C1DA03553CA4A766C4832DEC96AB1941CB
599,B6856A7008CAF2C296520E44BAAE74DC8B402C57
600,12A14C3F24B6D9C7FF577A15413710966082BB92
601,B7C3DCA5A2A76D623AF677D0D995F22535F8211B
602,99974BB4095602E16DBD30B6B42DFCDE3C39DD6D
603,FAE5A91A5892635E628FF7A7B511E254E224EDC9
604,E8F9151F8414144168529BFEAE1C620D56D41FCA
605,ECA87C993C685EC42B0EE7A98DF16F55B35FFD37
606,2F5CFBD431BCE9DF78FA2EA09347CAFA9F393C6F
607,2FE347CA71C0421C01215C20A83771DE80918C12
608,9269596583707D1DE1B7431CF9937E28589F6ECF
609,3FE4D5FFF5C04617F58F5FEF79697727E6148337
610,5541F9129880A93A7EF415B5403BA1FC2C165BEE
611,3E8BCD7A5712C334E22FE20A1D0E28D5A62CADF2
612,26ABDA96841496F5F9BF84B174478D432C04BD5B
613,4E608B49EFFE4264711108AEA0D8943866750E74
614,8D6B62D41E08A887F7F0EAD5BCBEAE013017928A
615,A80796ECC234C394BE8A95DD5111A42415ED36B9
616,44FEABA3DFBD58EF348C399B0E40F14BDB2C44E0
617,1263A9CA3070F27C8145D57AE8A8F685506883A8
618,BE7B1AECBB545E6C7807A462329C3BE69800CE97
619,C8A1CBEC9F09853B6A8319FC523381E81A71A940
620,5CC072D0F08FAEC4992AF168228296F27E87F784
621,B942327F463F80CF55FE5916660DEF7A8A9C1D89
622,46B6DAFD32F9B1C132CC44DF02BB16B1F5AC20D7
623,71C1B6939DD9EDB929D33E6C88339BB7145BA5F0
624,5E9DFF095009A11FA6EA6DBFC262E261AF5AC1F5
625,48FB241560C34B149C03BD8D1ABFE7F652D55C4C
626,37DF517623C07631090BAD2A1DA9351B3152DC46
627,0602625434DC10E568B13DF968F5862340286389
628,FD86E71D87D76D0621E4B9BEFF73895735D28CD2
629,D69D95970DC28D54B7E56CF711D2322100F27EE2
630,3E5CA80E1CC213D1C7FD451E4DAE14213F86E899
631,037AF85389E468B04DCAC58FA93D19B3DC1B5D7A
632,B6BEA0418BC9872518D2A0F8A7405D3B13A97BA8
633,6FAAE330759832A1D0E215C0EB29C0886A61A58D
634,32D2E15E08A8D48127F07C56A5DD07E63EB26F3E
635,DF602A7E7FCF999C1C13E981FAE0E0F6FFAF6F11
636,FE6A0759DD34E6694100A8FDE4E97BF9F7442881
637,29687099E8D5417DF09BD5C2116865B878F80B4D
638,A08D644C85F72DF59E935C42C10DF328C1398C6A
639,2F89D78A58DD58031F2A0EC433E2441E34CBF42C
640,496B9087E50A19C904953A554303BE633398B3FE
641,A3ECA28A4EE741BCD8820D15DA98E06C632F8A97
642,317A76CBA98F4D5691791A5F7D691F395CB31A62
643,C24AAD1766C8B096AF8957EBB87C4CA60C70EB70
644,101D9FE31E5065065717A2806E19EC38C5536A40
645,DCF9D3DA1927ACAC4198690A8104518165DAD444
646,899BDA588B6A0BF2B3D5309FA77FFD70C56F62AB
647,981DC44CC6580681A67D9B57706E1A9B918013FB
648,1C55A60ABEB24ECE8AFE7A905E7BDB56CA2F3238
649,C55F81A5B4EFBDA2F3FCDF19A94A0E054D251803
650,1B8A586D1EBDF1B27BF85496DBC27A6F632F95F8
651,E447684E8A545260CC8ECCC6936931B3233BEA55
652,8D324AD3F7CB7C74688794DAA7294BB074A7A002
653,52106577DC34718B7A2EBFC8F35AAB1718DEF194
654,B8BAABEE637996324DD009DFCB2764405413B12E
655,CCE93A61075CBAF7CDE873BBA5D321570ED5AA01
656,406E874F0014B8C2B0123FC435426A4A32628B63
657,6F90EDB5CAEBC2278EEA9A9BF494E561F4C54199
658,4237EE884C4B414ADA034F41E356E6D517B74041
659,DF2014A9D98B8AEE8ECB5FAA1F602CC52AB0EC70
660,88BD29C99A6F0B05691912693DB8A2294EA38984
661,4D8190151A842B5FE48153CFED51C61377E1B271
662,F8CFCFB1CFBF6A4241AF8C4E5A9F06C6B0FB793F
663,F972456D32E66E04880F0B983964188194461DAD
664,C5F8DDF400E5F9C41F50BA74B0674EE1F0036B6C
665,6435064BB8722A12FE2E55C84A17AC9AF63C3453
666,DBDB8E828411BD2C3AB5F0074810471301DD6EA8
667,F21A33CC3153BF006DF44D84D520A3C450DE3315
668,7ED758926DCBA301BBF5B1FDE38104FDD2DE4393
669,8A36F1ABD5454AFAE1D0697C554461B94BFD0A81
670,7DD56F22667221B391748353832299DDE13DC36C
671,926289AE086886B3561BF96E9E4416F5D827CBA9
672,04C85A483EEDAE448E1DBCDF9F115A8C06BE3B35
673,F433F28D9651B8F1317E5981D61110FBE8FC6E31
674,AA7113DAD4B41147AFC5EA150F58B8E4A1D674AB
675,57B8A541A625E977235CAF91AB19E15F249B6886
676,552965688E8CF204E88C0393547989CE747927DB
677,A4608A5D62EEDD128426B3997EC86526C768CB91
678,0E8D3B23904BE77EE01258B6046319414A8F0D27
679,4548ED23976EFF46DEAF58EE2A9484BE46E9DCB5
680,4438C381E8AE55400C1FB0C26A738A9609F2D22A
681,56E66F01F4425D2C03465EC588E0DFC44247ABD6
682,BC03E135F2C055C308375379F74E61041D4CC0F6
683,CCE90E86FCA54E79FE93896B6C0D4619F0C2B2DF
684,3AA5FB1B8FC01A0284D68044842B97BB91EE4A7C
685,5D36502EE348DC6FEE249D5A28CCA35E88452F9B
686,1F1BBDCD3A69C8CFD507FB058E27FAE1ED63D7D9
687,FD8FDBA2F5F888B93E46F76700E769E941C74026
688,457EE9E18EC6BDA8E9A8531BD4774A0D50829A88
689,A3A076043A1A0E58F22B132C5CDABF259C871B08
690,D4B0150F38E964050D7886D3EE6BA39F76A449EA
691,766A6D499CB02E1EF3FF610655C597498F47CA15
692,16322995896439F9B07385460A0BB259BBBB2990
693,5095000DA2A2D679899C70E8ECFC0C8576C75BE0
694,5C6574C90CD57EEA3421AA715EFA44E63D429149
695,49131FE11A642D59FAF6161354FFC05C18E31FD6
696,E6888C70D13EFB5450A7027ACD6099EE922B0D0D
697,416374CDE74D98686B22C42666AA90E5A6224776
698,26951B4999DD3FAA5FAA67241E2DEAE16708E75C
699,E5F3C684313BA70A8090DA9511E27BC8FB745810
700,106F283E6211A85CF8FFB931678EC6500EFB1395
701,0BFF12F618F6439FC9B1A5E85D6131FF76746608
702,400DC459DC162FBD73B2DD4F17AD401C8912FE5A
703,8BAE26CAFD5C35E19E4A4BD594869138FE5FE619
704,82D44292D374216367D8E339BE1F279E8CDC9598
705,6BB06965CA80B7E1590B5D926528F9ADC2F343F8
706,276B523B9945074F66FC11D59EA493950958078E
707,3365140927B3146F8C8F34B1BE9126D0A8598B83
708,9B983B26777424591F714569E8E86D71E725EF3A
709,DE9DEE10165D314BB09C0751961C5204AB21BCE9
710,57CFF91290CCE7073619C8037F54C186EE48F1F7
711,BB76351287F01715B780E1093C913DF063FC9FA7
712,1695A63666D900E7315787C7A9137DBB9DF3D435
713,2DE40C891D7309915A86555BD99AC24993CBEF42
714,CA500DD936632FEEDB83EB5DD96D57033B38DA7C
715,A59108F2F085F5165219D73AEDA3901DC13A8DFB
716,0F104FD20A4B72403EEFA5C7E7041EB97DF2A794
717,F320235524F30C5B32C4C21A1B3E398DE7C012C4
718,9F63825D2515FCE3F10F8DC1BA29824908409152
719,1D78572213929D4D02CCF26B7C1EC9145B753E52
720,4D2317245F9D6E52F08FC62ABEFDF445B67CBD36
721,B99DA0FDE5B6A874BB49C968B55AA21A239AC2A9
722,A9E6CB1C6FE49F7BDD26A67795080FFB5C069BAF
723,E8FD8BE8C20B3B54D39DBBC48F1D9AC0F82787BF
724,A391D390FC909724EC5F67FE59666870460A1721
725,7BCAE2F38AD30BE29E2BFBBE07FF9120C31DB1D4
726,68DC35FCC19F37D5E8745532B3408EFE9F642FE5
727,F850BDA8775CF1EA07B20293CEF74A187E06EA71
728,2FC6F043095354C3B9397B8A20B61EC086A73F1A
729,2FB94A76BC10700D5CE81A684E719CF418BC571C
730,DF7D729461E9BE60AAED2D57ACBE18340264987F
731,7FE6C25CECF47900B15739985D190276E28FE68E
732,44E68FF4ABC5933DE197EB2AE19D0972104C6165
733,07CA4701C4ED8917374AEE75882F8536573D1463
734,6A24CC85B8D83FCDB041C3FF1353EFE994949016
735,E4BED85A3826B5AC3D3AFC2527049E7DF133F61F
736,35027BFE361A23FE6A450E50029B6A967E51819F
737,8DA2DCE5BDF3FA8491C3C78D6E01A9D48E5837E5
738,6981F6A26DBEB95B557DCC5D0DA2105265E40104
739,1DAE6525A561A64B321D1F0AACC45698ECAEAEEB
740,F50443BD625DB6FE6FBC0255C4554FF963645EB5
741,0C01AF3F01F70BED82D482953BA6DF25FCE3768D
742,87BF84F69441BFD3C189933852631F0B1B37977A
743,E60926721EFC391BB4F854767B7160AABFEF7DF5
744,4E2BFB0D14AF5BB59829E3FEE6EB3C63412769FA
745,13CAECC2F691B80DD3E18D32178D2A718587441B
746,D0C2AB5CD195C7FCC81D5B6AFD3927BD9AACA88D
747,8E76FF72C8EE008D0EE539F6A878392D499CB924
748,CD927D641DEBCA2D8FA873F1859725FE30BCE661
749,6EEAA670DFFA074F578CF8AEFA2B83DA3A774D11
750,1D504EF04CED5D2B726E1328D1FE8CE2A1565522
751,5E57B461117341916404B3450BB69ECBC4AE82B7
752,F3B365F65FBBEA8127B5F58B652FA20BF90C905C
753,9B017C0FA2813C7F2FCF6B6B45E9D6D7086FE7EC
754,7B4CB5A6E5798D747E83F99BF3719BCEE4F32297
755,6A83493DEFBA5A369E9B45D134E72FDF243B2CB7
756,7DD9A7334F3B48CDA1C7530D02A5FD5BA5E3F760
757,85E42F58E6E115C238A2D687B0CA59383E4EBCCE
758,5037380F34CE5A230F3D54E022B2B85462334140
759,1F76D43AB66BD5E818600ADFB9A0D8007C0A3BB5
760,ACEB4C636B9307FABCCF583839882F0F8CB08901
761,3FA66469024316BCEB77C740DD06E4EB737D4A69
762,62287ECCA02C4EFD3D0EB36FB7E7C5033902C9C7
763,A886C1E7CCA7BE541F8EBE19E33B515802FC2EAC
764,4B7CA27C5825CC1723ADCEFA545EA6D001673E88
765,16FA8E620E7B1F8861802F8848FAE7BC44927A8C
766,8ADBE07367A6C73F21BDE2CB993FB6819286C1DD
767,4A36BBD6524F224DD6587F840870F5BE7ECD66DA
768,112E8BE8BC83871ECB546911E20D190F33CC40E8
769,DA2C35012B1F912F5A6BAE8BD8DA6E4D51200477
770,3C8405EBC32A131084E5BAB0712991608D216561
771,03E58BDA3EFEA9989F090CFD8313B459AB757A81
772,E2A393B869F0BF73A5A162C0A8382FF6EC2ACA87
773,5501953FA9CAB30837E74DA9312B96319AE0E5A2
774,DAC7E59542E3DFC6CBB5FBAFA4FDD08C1C001BAB
775,A2928EDEDCC53AEFCA4F806A4F75F9292EA286D4
776,2CA47CDB2B04808DB3224D093751941EE8C2CB88
777,AE1E89D380295A7A15DDEBEE07ECF0DB6AE57F8F
778,2F508F1642E42C3A7EA05F0B8B5451A0DE62FC47
779,2239CE02EF7B3A3C7298E035DEFF6FD79C844249
780,18A8AF6B2B63848B039DEF5BA5FE8C776C36AD44
781,3780020A132DC82F87072FF43F78FC63B5899753
782,9994A67116A88DA5F6D665281BF6FAD7E79D17E1
783,EC2F1736AA691EE39959CED4391F9FC1E441AFF3
784,A8882583FA9015989595EAF54BC42DCBDF7572BD
785,E570E09E614D263895532729E1260AB7C83EE893
786,F66F6A842F6262E6AD60B0F471D8B0A387C03CB3
787,95A1D5F1EA4B72926A23859119531B27CDA0B667
788,3D045AD442FA941BD0251D5969629192405E7678
789,1BBC8223910D9AA0465D1BC9B04220FFA619D41B
790,BCD88045DD529E8E77315905D25A7300EA668AD9
791,96A84993D7453A3282BF0457434B37B29887D273
792,FCC18D73CDED1487A7754EB037FC51E5D7051835
793,B8CDA9AED59E2D6CD7963111A4ED4A0509EF3EA0
794,C8A07CA661559D7D3419F3A6F8EED13AE0AD9A44
795,1C9A807C13336896A7FA4FC38677060116E1F946
796,D10B1D9F2024EE68D7DCA18D7D42641B9BA32AA7
797,9BCF832147588D30B67F1D2BBA4E425BF4F6CB8F
798,B9B04DD1AA7A2B236B8DFB0CBAF6DBE10F61B85D
799,3637461294915338F02C4E81595A9CDD25E34AAA
800,3003E9EA3D249C7E7023CBCFA0E654DA09E9F2C9
801,2E8A10D6FC91685EE1705F41DCDFBC5DBDDCFA12
802,344C938FD7D0A16349EF1F8BD8E46A9E4CB28548
803,5E6088C26BC8626936360587C800E66F086DB4C0
804,E1F0848486621CD8524AB06F808AD3D5BB41FBAA
805,720D23369E68CD7A917116B70AF373074976EFC0
806,AD37250552A406B7C79799B3014EEFE6A7EC1D7C
807,CABF3EAEC7B0644DA26EA8F60AFC30018D753CC4
808,C1714F54F51A2947A8C4DB5E2540E25E19617C6F
809,35DB8E864CFED1E33DA2EAF724A75412D3EA9E32
810,CD09D94035571B11E1BBEEA685EC196DB22D6B1E
811,FB8DED6471C2E2E10E56F039880D81A132B6A3CA
812,8A753AC07AD15464DB852716D5C67980AF7E350F
813,0CFDCA88608DDE9A6DF63DBC6911446C0753BD34
814,9FDD7AD704C88E3F3CAEE484C23E626C75614738
815,39C8F60CA73D89A68120BFE2790A91A584887893
816,2A804FA5262437420147DEAA72A4CC776167D956
817,F48195E52E543CB3D0EAC091332870B147D826F4
818,23D51559CD2621825BB28EF63886195508C7AE6F
819,89A9E02E12A0853C88E36406F8462160F70483D7
820,F52F4FB19F931316116D813BF1A7079A2BD0DB8C
821,049CD362CF4F2046A3D9674402693202821C4352
822,82E9F738D921A25FAE149D95E4423C8243923DEB
823,6835136886F980877C0524B78ADED36C663A9CA1
824,053B6CA8467B2EF75068A3E1D2A472FDB84CD1F2
825,E47641DDDAD7878A6FC1709BEF9250839789251E
826,FE78A97D770554D686104660BB0808E9758D522D
827,A95947D6DA879135B8CD78B3B31186658BF15D64
828,53426123824ED1EEE60719222DD6C42A2E5A416D
829,5C030BF2A8C3F841E41A90B4670FA7A59763B9C6
830,7FECAD92328E404718BA70A00CD1028BA7BC5FB3
831,84C1B2FCE7366AF0994852BF5D8786813F9B04B8
832,82BA8ECA5DCF67C260BBA8524C74D352EC72F12B
833,1E3BCC84153F023DCE710D15A1C1809B2E6C1D64
834,0E07374B5F022B79AA60235F03917EC026862115
835,EF2375CF082DF97CD564805245D40290EC3D54BE
836,0B26EDB841EAB38392186CC8FA8DBB000DAF8C5B
837,9E45CAA5E8275158BE2DDC62B3B1F3C4D810BC2A
838,5EA80F556F54328047C671AEA3B4C07C108D7C15
839,85CE9ADDE7E4EDEDF1A333958E2F3EEF4776E311
840,FED3848CA0DA94B3E01CCC2E773AC576354A46AB
841,361C7F72A6280C5891F4B42C113F81A54577CB16
842,C892BD42EECB66E0AF6417FD3BC258718161BC77
843,45E73A2CF61A460D6A1EDC5EF1E09C7FE175B10D
844,BA0969E0AEC6E6DBB55E62402A95E657FAA04868
845,646F63A34F681ED320AC7245940FDB148E6FA5B0
846,E01C8F057915BA9FD50603E31E1F9FEBBE865F59
847,6A54B878274AF794A61BEFCE781AA7ACFD7F3010
848,A535772DB087FCF2710F32A64329D6C1AA7EC82E
849,8F4B0037BEAD4A6B92AC6DF826BDFDBB093A6D83
850,6D59B876364DC471D343904381A61BAACB34F35A
851,AF807449A1A90D34CA244D7FF4A20595AB82A419
852,0F51A87F19A8BBA621249C3D37FA5AC9AC24351D
853,0E3E9D56932D4BF40807FED8CE4D6C6AA33A7E06
854,24C1BB5543DE2C1B851DD2B84CBCAD25EA115AB6
855,845BC2BAB8586577E29B3473CCD21D6F01969F76
856,E28E93049C7AD7659C841D8305F50AE74EAFD412
857,174F05C559A3490988CD6080200DF5B7C3A27AE7
858,6FCD10FBC08A0B3E6E4255EAED493EB9F3D64623
859,BB3C2A75A023DC8BBA762BE671F8E15934282C88
860,D3BE60B9D5849DDEE831AAB4E9128E4F77964146
861,E3FB7ADFEC21FF576F770E8E80405E453D4D6519
862,E7A731824C3EFF0FA2A1EC789EEFFC5344032B6B
863,6A80935384AAF8A8695B29D2F2B1CEFE4D65BC92
864,16DF60A719D23B8297F4C0BB763BDA7B0281B7E5
865,33F352971CE021C2FC32DD7595033738987FF6EF
866,F65ECF33F404D51F69ACB89A0802F6733435E569
867,8798DA6BC720A8AC40A7CFB47F247F05532AFA31
868,6CD6996F5C293B3C3501CC68A613AAA3CDBF9665
869,48C28C4B03D6ADD58A4CFF5989AA560A226703D2
870,C563ED197040A1D874A5A756D2E8DAFDABAB10E0
871,800EBE1FEBFDAAFAC4A46C1F59E57B307CA801ED
872,254BBBAD36B47FDACEF0FBAD3D4AF78ECE82C098
873,90A1DA3267DA3BACF9A14B62F15701848CCEF878
874,5E782C99DE35B9C6C8AEC6B923F620C11B627A93
875,708B622754C5B1A9DFD2A5E440127F7E16ADD5E4
876,2A07F61CB3043A3F3A0F7EE7E6BC74E8D3D4738C
877,A3F9F97F64805249E5F1DE827CC3E6AE72DCB5AA
878,834729E2029FEA3FED6111DAD2EE5EC40B18279E
879,45FB3D9EB9D83BF14895CFEE8E1B3E6ED37D456D
880,CA62F16AA65FC208D14F1DF14695BD204832A8CC
881,8FBFEEAE9E34A79A124F4FDDDC174CF5A00720CD
882,96DF7812EB10DCD06339882BF681E5761C633F35
883,0DE081AD36E8AC36AC5B4EA3E007C281E3C249AE
884,CAF8A56896832EE9FB15938F079CCF833B3D2600
885,03EE04744E753C0D43A5BC96765225E7D4E9BC93
886,03BE5C36E5B63D0BC0B58ECA8A3E52EB428BA7B0
887,084B5328B1223EC6971085DEF0B7CDD8C171CEC4
888,EAB11C85190731414D4A21FCF768354FD0BE327B
889,290F344B3D6DFCFAA37EAF942CC0A81FBB9B8D86
890,E4EDEC00F4CDAA05691BC48BFBEDBF645A13B8CE
891,F8A51017F6A36829D675668666EF7D29A4DD1E8F
892,64094B860EEE87E562F3F0EFD3EDCAFCF94A0A89
893,BB0C0D956C16852B2222DD121BAA515D459113AC
894,E6585101CA50AF8745CED7861307FBBFBFB76254
895,2ECA017E0D8F59107641ED5B6BB03F49DF9D3936
896,6E9AE97B0F0CC0204594FC35B78E26E57D84BAED
897,00E69F0FD070970C0AE4BD07E3B382D85E61CDF9
898,9EE18C150E18B677528056A3D0B52C39BF4E43C5
899,0F31CC8CB384BC7685B9FC6F08E86B1C2460ECB8
900,9928586D2CD5AD71A5CBB5CD395540B7C6B93076
901,9A23D6925ABB3E6CD2F8BBD5765F5B40546A12D1
902,F181A92478CE008ED773FF498DBB4216CAAA3D7C
903,6911BCA54A3330E00682A774A74A6AC2E3AC6216
904,C1603C4AB9D374FFEB2A4C412105CAB9952229A4
905,D4855E21E68E0DC2ED40F9A3A8C6F30BDD54DD78
906,D9D9637662940F7B6AA2B935D1605E4765650357
907,550960A83D761671AFF9CD669FCB7710E431CC38
908,8B61037089C135D09AF0DF023B696888884FA6F7
909,A9D0D05ED04CA53B21FA9BA32304819CE2B20781
910,BBC22B002093DCE5BA77D6E0CB066ACDE7A82122
911,A5C37FEAD260A4701D417335CF768F6A9D64D6DF
912,95197CE9F4F17F480D7CF8E8EE6D002D2E725EC6
913,C8B1B64FFB4DF7718ED8A26B8B9DDEB18F4A49A0
914,AA67AC909BB1AA630BB83D59CC1C060B45DE21A0
915,7C8F58A185CD16A2068AA309AB84755FDCD5C8A1
916,EA2A62EC8DC5B687138FA0C00131A6885FC13DA6
917,2D768DBACE89073DFF48C1896436E88E2C266ACD
918,7688B99FD33CC5435CDDA1184EA1DBEDB78A91D3
919,630B20D0700C66F0BE47275337D8FF7EE76BF900
920,883C85501715F631F6E84D2B3C5A504EC6BE440A
921,B98D2E6C11CCC78784D7D4BCC4EA67A879FB7F79
922,F134EA280E4A5C3A08F0C8CC57C76DC3F8E8AE62
923,D532ACAE37B9212324A7013C925F1D65E20DC55C
924,C907BE14C0E9C839F57614DB5E38A8623551A73D
925,B28DAC031636800DCECAD8FC3BEE7EC2EB42F5AF
926,FE9F7513FA3F9DC07A91AE30EB8BE8DF281F78AD
927,B29BB0FED6C35AFEEA8621E6A032DF8B34257031
928,25CF960A29914AAD30CE74DBDABE691930BF5D95
929,0C0256D646795F2D00F987849F95502161D367AC
930,C356EC3578D6005626D2687D9CA4351A17DEE26A
931,74976F8FEB9ACB156BDB0B73FA68F62A64DBAFA1
932,03CCB38E7B954786E5D89570207A312FA4EED69C
933,A4DD64A8E76A073F3438B52BAB4B0C6A074015A4
934,B383A54A5D8D6E28F52EF21D8E3A8E0DA7F3CE93
935,96F0FDA60D20B939003CCF336A051A411E83A02E
936,AB49E273AC71C4598E5645616FF96F8BD377DFD3
937,D79BA3EA64D4C6A77235F4EA76E214E72E0A0F3E
938,B48488CC7E01E5A992FB65FF46C2D0AFACFB15E2
939,93C1EB6C8E65E626B1D2849C53F901789715EEA7
940,42445C7C2DB84387E3FB1C5894DD086DFE43ED80
941,61062A367E07C68F63C770DF6C4B09236979754B
942,E19448B8C003E7DFE8EEB717446D1D66D967E03F
943,6029E13B4874DD8E04DA8F5B6B4E99A17F0D91C3
944,E48C46379C3854108C21D3967E3F58A0D39AECB3
945,35C9F3046B2DD2CEDCCFFEB846C9E2DCCD695FEC
946,F62323ADD40DF665434894450983CA9C1352EE59
947,B9DF4FEF50DE9CFC8134D882C1FE3FC2D26E663C
948,610155B738E7A9EFFA78360FCC6845D54400FC36
949,5F34F9B2690D4FCCE0D516A85F7383A6E3E40D24
950,1D42C257EAD97A1876D16B3DB96A02E889906583
951,5789FF19D9C277A2E10BB1430E4AFF6BF857300C
952,16138F580D0F095FD77431E486F6020C606E81B4
953,7772A96C65EB1C61F338F71595C0E47B06464F50
954,CF8ACCF72F9CF47E1A8A48AF23317D25BA72ABDC
955,401FDD125C663540F4CADB35A874E63C5C680939
956,1264655FE22BB9EF0BFFCD8D4B886ABCE7C8F67D
957,C74C1C5B4A3B39A3895ED0794C506F5C7DDD245F
958,173309B7A19AB82A3C463216CF0D4990A531D227
